"First Name","Last Name","Date last logged in",Email,"Compliance (%)"
Iona,Alexander,07-02-2024,iona.alexander@skillsforhealth.net,0
Gail,Anderson,Never,gail.anderson@skillsforhealth.net,33
Mary,Arnold,Never,mary.arnold@skillsforhealth.net,0
Etienne,Ayala,Never,etienne.ayala@skillsforhealth.net,16
Dustin,Barnes,Never,dustin.barnes@skillsforhealth.net,0
Jan,Bass,Never,jan.bass@skillsforhealth.net,0
Kacy,Battle,Never,kacy.battle@skillsforhealth.net,0
Bronwen,Beach,Never,bronwen.beach@skillsforhealth.net,0
Harley,Begum,Never,harley.begum@skillsforhealth.net,0
Lizzie,Bellamy,Never,lizzie.bellamy@skillsforhealth.net,0
Eamon,Benitez,Never,eamon.benitez@skillsforhealth.net,0
Fateh,Benjamin,Never,fateh.benjamin@skillsforhealth.net,0
Jazmine,Bernard,Never,jazmine.bernard@skillsforhealth.net,0
Alicja,Brooks,Never,alicja.brooks@skillsforhealth.net,20
Kiya,Byers,Never,kiya.byers@skillsforhealth.net,0
Elijah,Cairns,Never,elijah.cairns@skillsforhealth.net,0
Adam,Camacho,06-02-2024,adam.camacho@skillsforhealth.net,33
Josie,Cameron,Never,josie.cameron@skillsforhealth.net,16
Devin,Carpenter,Never,devin.carpenter@skillsforhealth.net,0
Lily-Mai,Chavez,Never,lily-mai.chavez@skillsforhealth.net,16
Anne,Cisneros,Never,anne.cisneros@skillsforhealth.net,0
Lori,Clegg,Never,lori.clegg@skillsforhealth.net,0
Maddie,Curran,Never,maddie.curran@skillsforhealth.net,0
Chantel,Dickerson,Never,chantel.dickerson@skillsforhealth.net,0
Jenson,Dickson,Never,jenson.dickson@skillsforhealth.net,0
Erika,Dodson,Never,erika.dodson@skillsforhealth.net,0
Junior,Ellwood,Never,junior.ellwood@skillsforhealth.net,0
Kara,Fitzgerald,Never,kara.fitzgerald@skillsforhealth.net,0
Kamron,Fleming,Never,kamron.fleming@skillsforhealth.net,0
Muskaan,Fleming,Never,muskaan.fleming@skillsforhealth.net,0
Marlon,Flowers,Never,marlon.flowers@skillsforhealth.net,0
Jaheim,Friedman,Never,jaheim.friedman@skillsforhealth.net,0
Eathan,Golden,Never,eathan.golden@skillsforhealth.net,0
Erica,Greig,Never,erica.greig@skillsforhealth.net,20
Archibald,Gunn,Never,archibald.gunn@skillsforhealth.net,0
Chandler,Harris,Never,chandler.harris@skillsforhealth.net,0
Mia-Rose,Hester,Never,mia-rose.hester@skillsforhealth.net,20
Glyn,Hobbs,Never,glyn.hobbs@skillsforhealth.net,0
Dolores,Hodgson,Never,dolores.hodgson@skillsforhealth.net,0
Madeline,Holloway,Never,madeline.holloway@skillsforhealth.net,0
Habibah,House,Never,habibah.house@skillsforhealth.net,0
Chanelle,Howard,Never,chanelle.howard@skillsforhealth.net,0
Lyndon,Jacobs,Never,lyndon.jacobs@skillsforhealth.net,0
Ephraim,Jordan,Never,ephraim.jordan@skillsforhealth.net,0
Emerson,Keeling,Never,emerson.keeling@skillsforhealth.net,0
Beatrix,Knox,Never,beatrix.knox@skillsforhealth.net,16
"WDT ",Learner,09-02-2024,wl@g.com,80
Malakai,Lewis,Never,malakai.lewis@skillsforhealth.net,0
Maryam,Livingston,Never,maryam.livingston@skillsforhealth.net,0
Leila,Lord,Never,leila.lord@skillsforhealth.net,0
Kalum,Macdonald,Never,kalum.macdonald@skillsforhealth.net,0
Hamaad,Mackenzie,Never,hamaad.mackenzie@skillsforhealth.net,0
Ciaran,Mccall,Never,ciaran.mccall@skillsforhealth.net,0
Hollie,Mcdowell,Never,hollie.mcdowell@skillsforhealth.net,0
Mamie,Mcknight,Never,mamie.mcknight@skillsforhealth.net,0
Keegan,Mclean,Never,keegan.mclean@skillsforhealth.net,0
Charmaine,Molloy,Never,charmaine.molloy@skillsforhealth.net,0
Luisa,Monroe,Never,luisa.monroe@skillsforhealth.net,0
Beverly,Moore,Never,beverly.moore@skillsforhealth.net,0
Elsie-Mae,Morales,Never,elsie-mae.morales@skillsforhealth.net,0
Kelsey,Morrison,Never,kelsey.morrison@skillsforhealth.net,0
Milana,Muir,Never,milana.muir@skillsforhealth.net,0
Cadence,O'Donnell,Never,cadence.odonnell@skillsforhealth.net,0
Armani,O'Gallagher,Never,armani.ogallagher@skillsforhealth.net,0
Buster,Ortega,Never,buster.ortega@skillsforhealth.net,0
Chay,O'Ryan,Never,chay.oryan@skillsforhealth.net,0
Khadeejah,Paine,Never,khadeejah.paine@skillsforhealth.net,0
Emelia,Penn,Never,emelia.penn@skillsforhealth.net,0
Andreea,Philip,Never,andreea.philip@skillsforhealth.net,25
Duane,Plant,Never,duane.plant@skillsforhealth.net,0
Caitlin,Pollard,Never,caitlin.pollard@skillsforhealth.net,0
Merryn,Ramsey,Never,merryn.ramsey@skillsforhealth.net,0
Destiny,Randolph,Never,destiny.randolph@skillsforhealth.net,0
Ishika,Riddle,Never,ishika.riddle@skillsforhealth.net,0
Hari,Rigby,Never,hari.rigby@skillsforhealth.net,0
Jem,Robin,Never,jem.robin@skillsforhealth.net,20
Ella-Grace,Robson,Never,ella-grace.robson@skillsforhealth.net,0
Carlie,Rosario,Never,carlie.rosario@skillsforhealth.net,0
Krystian,Rossi,Never,krystian.rossi@skillsforhealth.net,0
Emilie,Rowland,Never,emilie.rowland@skillsforhealth.net,0
Betsy,Sampson,Never,betsy.sampson@skillsforhealth.net,0
Colin,Savage,Never,colin.savage@skillsforhealth.net,20
Anisa,Sellers,06-02-2024,anisa.sellers@skillsforhealth.net,0
Horace,Sheppard,Never,horace.sheppard@skillsforhealth.net,0
Emily,Shields,Never,emily.shields@skillsforhealth.net,0
Kohen,Thorne,Never,kohen.thorne@skillsforhealth.net,0
Krzysztof,Timms,Never,krzysztof.timms@skillsforhealth.net,20
Anam,Tomlinson,Never,anam.tomlinson@skillsforhealth.net,20
Lincoln,Trevino,Never,lincoln.trevino@skillsforhealth.net,0
Loki,Vasquez,Never,loki.vasquez@skillsforhealth.net,0
Kaan,Velez,Never,kaan.velez@skillsforhealth.net,0
Aj,Walsh,09-02-2024,aj.walsh@skillsforhealth.net,60
Jun,Walters,Never,jun.walters@skillsforhealth.net,0
Jasper,White,Never,jasper.white@skillsforhealth.net,0
Kierran,Wickens,Never,kierran.wickens@skillsforhealth.net,0
Chloe-Louise,Wilkes,Never,chloe-louise.wilkes@skillsforhealth.net,0
Luciano,Winter,Never,luciano.winter@skillsforhealth.net,0
Burhan,Woodard,Never,burhan.woodard@skillsforhealth.net,0
David,Yates,Never,david.yates@skillsforhealth.net,16
